provinsi,kelompok_umur,tahun,nilai_aps
ACEH,13-15,2025,97.65
ACEH,16-18,2025,80.94
ACEH,19-23,2025,34.95
ACEH,7-12,2025,99.38
BALI,13-15,2025,98.88
BALI,16-18,2025,90.68
BALI,19-23,2025,34.32
BALI,7-12,2025,99.57
BANTEN,13-15,2025,97.11
BANTEN,16-18,2025,73.84
BANTEN,19-23,2025,24.45
BANTEN,7-12,2025,99.52
BENGKULU,13-15,2025,97.01
BENGKULU,16-18,2025,80.48
BENGKULU,19-23,2025,34.18
BENGKULU,7-12,2025,99.29
DI YOGYAKARTA,13-15,2025,99.6
DI YOGYAKARTA,16-18,2025,93.03
DI YOGYAKARTA,19-23,2025,54.72
DI YOGYAKARTA,7-12,2025,99.61
DKI JAKARTA,13-15,2025,98.74
DKI JAKARTA,16-18,2025,88.22
DKI JAKARTA,19-23,2025,34.21
DKI JAKARTA,7-12,2025,99.32
GORONTALO,13-15,2025,92.35
GORONTALO,16-18,2025,72.0
GORONTALO,19-23,2025,35.02
GORONTALO,7-12,2025,98.85
JAMBI,13-15,2025,95.59
JAMBI,16-18,2025,74.39
JAMBI,19-23,2025,25.23
JAMBI,7-12,2025,99.45
JAWA BARAT,13-15,2025,96.58
JAWA BARAT,16-18,2025,75.8
JAWA BARAT,19-23,2025,27.98
JAWA BARAT,7-12,2025,99.5
JAWA TENGAH,13-15,2025,97.05
JAWA TENGAH,16-18,2025,77.97
JAWA TENGAH,19-23,2025,27.44
JAWA TENGAH,7-12,2025,99.54
JAWA TIMUR,13-15,2025,97.15
JAWA TIMUR,16-18,2025,80.96
JAWA TIMUR,19-23,2025,28.9
JAWA TIMUR,7-12,2025,99.28
KALIMANTAN BARAT,13-15,2025,94.36
KALIMANTAN BARAT,16-18,2025,70.95
KALIMANTAN BARAT,19-23,2025,26.84
KALIMANTAN BARAT,7-12,2025,98.95
KALIMANTAN SELATAN,13-15,2025,93.82
KALIMANTAN SELATAN,16-18,2025,75.16
KALIMANTAN SELATAN,19-23,2025,30.91
KALIMANTAN SELATAN,7-12,2025,99.14
KALIMANTAN TENGAH,13-15,2025,95.74
KALIMANTAN TENGAH,16-18,2025,70.76
KALIMANTAN TENGAH,19-23,2025,24.91
KALIMANTAN TENGAH,7-12,2025,99.45
KALIMANTAN TIMUR,13-15,2025,97.34
KALIMANTAN TIMUR,16-18,2025,84.15
KALIMANTAN TIMUR,19-23,2025,33.15
KALIMANTAN TIMUR,7-12,2025,99.64
KALIMANTAN UTARA,13-15,2025,95.96
KALIMANTAN UTARA,16-18,2025,81.93
KALIMANTAN UTARA,19-23,2025,29.25
KALIMANTAN UTARA,7-12,2025,99.14
KEP. BANGKA BELITUNG,13-15,2025,92.9
KEP. BANGKA BELITUNG,16-18,2025,76.03
KEP. BANGKA BELITUNG,19-23,2025,21.13
KEP. BANGKA BELITUNG,7-12,2025,99.49
KEP. RIAU,13-15,2025,98.6
KEP. RIAU,16-18,2025,88.24
KEP. RIAU,19-23,2025,26.61
KEP. RIAU,7-12,2025,99.71
LAMPUNG,13-15,2025,95.72
LAMPUNG,16-18,2025,75.35
LAMPUNG,19-23,2025,20.68
LAMPUNG,7-12,2025,99.62
MALUKU,13-15,2025,97.75
MALUKU,16-18,2025,77.28
MALUKU,19-23,2025,29.66
MALUKU,7-12,2025,99.56
MALUKU UTARA,13-15,2025,97.08
MALUKU UTARA,16-18,2025,79.62
MALUKU UTARA,19-23,2025,25.38
MALUKU UTARA,7-12,2025,99.04
NUSA TENGGARA BARAT,13-15,2025,96.92
NUSA TENGGARA BARAT,16-18,2025,79.21
NUSA TENGGARA BARAT,19-23,2025,28.88
NUSA TENGGARA BARAT,7-12,2025,99.38
NUSA TENGGARA TIMUR,13-15,2025,95.44
NUSA TENGGARA TIMUR,16-18,2025,76.65
NUSA TENGGARA TIMUR,19-23,2025,31.41
NUSA TENGGARA TIMUR,7-12,2025,98.89
PAPUA,13-15,2025,97.32
PAPUA,16-18,2025,81.78
PAPUA,19-23,2025,38.16
PAPUA,7-12,2025,97.51
PAPUA BARAT,13-15,2025,96.22
PAPUA BARAT,16-18,2025,77.53
PAPUA BARAT,19-23,2025,34.53
PAPUA BARAT,7-12,2025,97.59
PAPUA BARAT DAYA,13-15,2025,96.38
PAPUA BARAT DAYA,16-18,2025,81.7
PAPUA BARAT DAYA,19-23,2025,35.19
PAPUA BARAT DAYA,7-12,2025,98.67
PAPUA PEGUNUNGAN,13-15,2025,71.08
PAPUA PEGUNUNGAN,16-18,2025,50.79
PAPUA PEGUNUNGAN,19-23,2025,12.48
PAPUA PEGUNUNGAN,7-12,2025,82.24
PAPUA SELATAN,13-15,2025,89.29
PAPUA SELATAN,16-18,2025,66.97
PAPUA SELATAN,19-23,2025,27.57
PAPUA SELATAN,7-12,2025,91.65
PAPUA TENGAH,13-15,2025,67.86
PAPUA TENGAH,16-18,2025,44.61
PAPUA TENGAH,19-23,2025,15.48
PAPUA TENGAH,7-12,2025,80.13
RIAU,13-15,2025,95.47
RIAU,16-18,2025,77.42
RIAU,19-23,2025,33.03
RIAU,7-12,2025,99.74
SULAWESI BARAT,13-15,2025,92.3
SULAWESI BARAT,16-18,2025,73.22
SULAWESI BARAT,19-23,2025,23.55
SULAWESI BARAT,7-12,2025,98.56
SULAWESI SELATAN,13-15,2025,94.22
SULAWESI SELATAN,16-18,2025,75.94
SULAWESI SELATAN,19-23,2025,33.8
SULAWESI SELATAN,7-12,2025,99.21
SULAWESI TENGAH,13-15,2025,94.58
SULAWESI TENGAH,16-18,2025,75.36
SULAWESI TENGAH,19-23,2025,26.5
SULAWESI TENGAH,7-12,2025,98.56
SULAWESI TENGGARA,13-15,2025,96.53
SULAWESI TENGGARA,16-18,2025,79.58
SULAWESI TENGGARA,19-23,2025,33.67
SULAWESI TENGGARA,7-12,2025,99.05
SULAWESI UTARA,13-15,2025,96.11
SULAWESI UTARA,16-18,2025,71.45
SULAWESI UTARA,19-23,2025,25.57
SULAWESI UTARA,7-12,2025,99.28
SUMATERA BARAT,13-15,2025,97.0
SUMATERA BARAT,16-18,2025,85.04
SUMATERA BARAT,19-23,2025,38.84
SUMATERA BARAT,7-12,2025,99.63
SUMATERA SELATAN,13-15,2025,95.68
SUMATERA SELATAN,16-18,2025,73.78
SUMATERA SELATAN,19-23,2025,21.24
SUMATERA SELATAN,7-12,2025,99.5
SUMATERA UTARA,13-15,2025,97.67
SUMATERA UTARA,16-18,2025,77.51
SUMATERA UTARA,19-23,2025,30.48
SUMATERA UTARA,7-12,2025,99.54
